payments,1562
music and audio,1279
platforms,1171
food and beverage,1940
sustainability,2397
travel and tourism,2289
government and military,537
biotechnology,5729
software,25205
clothing and apparel,1294
gaming,1684
advertising,3191
mobile,9832
real estate,2303
consumer goods,1290
transportation,3086
messaging and telecommunications,1602
professional services,2166
natural resources,1469
sports,1878
community and lifestyle,2372
energy,2558
artificial intelligence,1884
design,3035
data and analytics,7370
administrative services,660
privacy and security,2483
health care,11143
science and engineering,8900
financial services,6277
video,2456
manufacturing,3380
sales and marketing,6124
information technology,9623
navigation and mapping,861
education,3125
media and entertainment,11022
hardware,10084
agriculture and farming,494
internet services,15303
commerce and shopping,8573
content and publishing,3234
consumer electronics,3393
apps,4205
events,1111
lending and investments,1472
